--
-- Script was generated by Devart dbForge Studio for MySQL, Version 8.0.124.0
-- Product home page: http://www.devart.com/dbforge/mysql/studio
-- Script date 24/12/2018 00:31:54
-- Server version: 5.5.24-log
-- Client version: 4.1
--

-- 
-- Disable foreign keys
-- 
/*!40014 SET @OLD_FOREIGN_KEY_CHECKS=@@FOREIGN_KEY_CHECKS, FOREIGN_KEY_CHECKS=0 */;

-- 
-- Set SQL mode
-- 
/*!40101 SET @OLD_SQL_MODE=@@SQL_MODE, SQL_MODE='NO_AUTO_VALUE_ON_ZERO' */;

--
-- Set default database
--
USE dbcmed;

--
-- Drop table `historiaclinicapaciente`
--
DROP TABLE IF EXISTS historiaclinicapaciente;

--
-- Drop table `usuarios`
--
DROP TABLE IF EXISTS usuarios;

--
-- Drop table `turnos`
--
DROP TABLE IF EXISTS turnos;

--
-- Drop table `medico`
--
DROP TABLE IF EXISTS medico;

--
-- Drop table `paciente`
--
DROP TABLE IF EXISTS paciente;

--
-- Drop table `obrasocial`
--
DROP TABLE IF EXISTS obrasocial;

--
-- Set default database
--
USE dbcmed;

--
-- Create table `obrasocial`
--
CREATE TABLE obrasocial (
  idobrasocial int(11) NOT NULL AUTO_INCREMENT,
  razonsocial varchar(80) binary NOT NULL,
  domicilio varchar(70) binary DEFAULT NULL,
  telefono varchar(30) binary DEFAULT NULL,
  cuit varchar(13) binary DEFAULT NULL,
  PRIMARY KEY (idobrasocial),
  UNIQUE INDEX obrasocial_IX_obrasocial (idobrasocial)
)
ENGINE = INNODB,
AUTO_INCREMENT = 36893,
AVG_ROW_LENGTH = 578,
CHARACTER SET utf8,
COLLATE utf8_bin;

--
-- Create index `IX_obrasocial_1` on table `obrasocial`
--
ALTER TABLE obrasocial
ADD INDEX IX_obrasocial_1 (razonsocial);

--
-- Create table `paciente`
--
CREATE TABLE paciente (
  idpaciente int(11) NOT NULL,
  apellidoynombre varchar(150) binary NOT NULL,
  domicilio varchar(70) binary DEFAULT NULL,
  tipodocumento varchar(5) binary DEFAULT NULL,
  numerodocumento int(11) DEFAULT NULL,
  fechanacimiento date DEFAULT NULL,
  nacionalidad varchar(30) binary DEFAULT NULL,
  telefono varchar(30) binary DEFAULT NULL,
  sexo varchar(1) binary DEFAULT NULL,
  email varchar(50) binary DEFAULT NULL,
  idobrasocial int(11) DEFAULT NULL,
  numeroafiliadoObraSocial varchar(40) binary DEFAULT NULL,
  nombrePlanObraSocial varchar(25) binary DEFAULT NULL,
  PRIMARY KEY (idpaciente)
)
ENGINE = INNODB,
AVG_ROW_LENGTH = 910,
CHARACTER SET utf8,
COLLATE utf8_bin;

--
-- Create index `IX_paciente_1` on table `paciente`
--
ALTER TABLE paciente
ADD INDEX IX_paciente_1 (numerodocumento);

--
-- Create index `paciente_IX_paciente` on table `paciente`
--
ALTER TABLE paciente
ADD INDEX paciente_IX_paciente (apellidoynombre);

--
-- Create foreign key
--
ALTER TABLE paciente
ADD CONSTRAINT FK_paciente_obrasocial_idobrasocial FOREIGN KEY (idobrasocial)
REFERENCES obrasocial (idobrasocial) ON DELETE NO ACTION ON UPDATE NO ACTION;

--
-- Create table `medico`
--
CREATE TABLE medico (
  idmedico int(11) NOT NULL AUTO_INCREMENT,
  apellidoynombre varchar(150) binary NOT NULL,
  domicilio varchar(70) binary DEFAULT NULL,
  tipodocumento varchar(5) binary DEFAULT NULL,
  numerodocumento int(11) DEFAULT NULL,
  fechanacimiento date DEFAULT NULL,
  nacionalidad varchar(30) binary DEFAULT NULL,
  telefono varchar(30) binary DEFAULT NULL,
  sexo varchar(1) binary DEFAULT NULL,
  email varchar(50) binary DEFAULT NULL,
  profesion varchar(25) binary DEFAULT NULL,
  cuit varchar(13) binary DEFAULT NULL,
  numeromatricula int(11) DEFAULT NULL,
  categoriaiva varchar(50) binary DEFAULT NULL,
  PRIMARY KEY (idmedico)
)
ENGINE = INNODB,
AUTO_INCREMENT = 97,
AVG_ROW_LENGTH = 93,
CHARACTER SET utf8,
COLLATE utf8_bin;

--
-- Create table `turnos`
--
CREATE TABLE turnos (
  IdTurno int(11) NOT NULL,
  IdPaciente int(11) NOT NULL,
  IdMedico int(11) NOT NULL,
  Fecha date NOT NULL,
  HoraInicial time NOT NULL,
  HoraFinal time DEFAULT NULL,
  Atendido int(11) NOT NULL,
  posicion int(11) NOT NULL
)
ENGINE = INNODB,
AVG_ROW_LENGTH = 27448,
CHARACTER SET utf8,
COLLATE utf8_bin;

--
-- Create foreign key
--
ALTER TABLE turnos
ADD CONSTRAINT FK_turnos_medico_idmedico FOREIGN KEY (IdMedico)
REFERENCES medico (idmedico) ON DELETE NO ACTION ON UPDATE NO ACTION;

--
-- Create foreign key
--
ALTER TABLE turnos
ADD CONSTRAINT FK_turnos_paciente_idpaciente FOREIGN KEY (IdPaciente)
REFERENCES paciente (idpaciente) ON DELETE NO ACTION ON UPDATE NO ACTION;

--
-- Create table `usuarios`
--
CREATE TABLE usuarios (
  IdUsuario int(11) NOT NULL,
  login varchar(20) binary NOT NULL,
  password varchar(250) binary NOT NULL,
  apellidoYNombre varchar(40) binary NOT NULL,
  PRIMARY KEY (IdUsuario)
)
ENGINE = INNODB,
AVG_ROW_LENGTH = 1820,
CHARACTER SET utf8,
COLLATE utf8_bin;

--
-- Create index `USUARIOS_PK_USUARIOS` on table `usuarios`
--
ALTER TABLE usuarios
ADD UNIQUE INDEX USUARIOS_PK_USUARIOS (IdUsuario);

--
-- Create index `USUARIOS_PK_USUARIOS1` on table `usuarios`
--
ALTER TABLE usuarios
ADD UNIQUE INDEX USUARIOS_PK_USUARIOS1 (login);

--
-- Create table `historiaclinicapaciente`
--
CREATE TABLE historiaclinicapaciente (
  IdPaciente int(11) NOT NULL,
  Contenido varchar(255) binary NOT NULL,
  PRIMARY KEY (IdPaciente)
)
ENGINE = INNODB,
AVG_ROW_LENGTH = 910,
CHARACTER SET utf8,
COLLATE utf8_bin;

-- 
-- Dumping data for table obrasocial
--
INSERT INTO obrasocial VALUES
(1, 'PARTICULAR', '', '', ''),
(190, 'ACCION SOCIAL DE LA U.N.T. CONSULTA ESPECIAL Y PRACTICA                         ', 'SAN MARTIN 864 - TUCUMAN', '                              ', '30-54667048-8'),
(197, 'ACCION SOCIAL DE LA U.N.T. - CONSULTA ESPECIAL', 'SAN MARTIN 864 - TUCUMAN', '                              ', '30-54667048-8'),
(200, 'Mendez Collao', '9 de Julio 67', '0381546452', '20-92853755-3'),
(303, 'GALENO AZUL', 'mendoza 351', '4225234', ''),
(306, 'DOCTHOS                                                                         ', 'junin 100', '4305995', ''),
(321, 'PARQUE SALUD', 'MONTEAGUDO Y SANTIAGO', '', ''),
(350, 'APM ( AGENTE DE PROPAGANDA MEDICA)                                              ', 'AVELLANEDA 2144 - CAP.FEDERAL', '                              ', '30-62313465-9'),
(430, 'PRENSA COLEGIO MEDICO                                                           ', 'JUNIN 775 - TUCUMAN', '                              ', '30-67540406-9'),
(1160, 'OSFA (FUERZA AEREA)                                                             ', '25 DE MAYO 30 -1ER.PISO  OF.3- TUCUMAN', '                              ', '30-61013120-0'),
(4340, 'SUBSIDIO DE SALUD', 'LAS PIEDRAS 530 - 2DO.PISO - TUCUMAN', '', '30-63394922-7'),
(4344, 'SUBS.DE SALUD - RECIPROCIDAD', 'LAS PIEDRAS 530 - 2DO. PISO - TUCUMAN', '                              ', '30-63394922-7'),
(10230, 'SIND. VEND. DIARIOS Y REVISTAS', 'LAS HERAS 182 - TUCUMAN', '                              ', '30-56333620-6'),
(10400, 'PODER JUDICIAL DE LA NACION', 'LAVALLE 1653 - CAPITAL FEDERAL', '                              ', ''),
(10660, 'SERVESALUD (SERV.EMPRES.EN SALUD)', 'TUCUMAN 650 - 3ER.PISO - BUENOS AIRES', '                              ', '30-55019428-3'),
(10900, 'POLICIA FEDERAL ARGENTINA', 'SANTA FE 630 - TUCUMAN', '                              ', ''),
(11040, 'SUBOFICIALES RETIRADOS "TUCUMAN"                                                ', 'SAN MARTIN 319 - TUCUMAN', '                              ', '30-56246142-2'),
(11950, 'OBRA SOCIAL DEL PERSONAL DE LA SANIDAD ARGENTINA                                ', 'SANTIAGO 1587                                                         ', '4322296 - 4230223             ', '30-67923210-6'),
(12100, 'SADAIC                                                                          ', '25 DE MAYO 363 - TUCUMAN', '                              ', '33-52568893-9'),
(13760, 'LUIS PASTEUR - TODOS LOS PLANES                                                 ', 'CATAMARCA 24 - TUCUMAN', '                              ', '30-55832555-7'),
(13840, 'MITA                                                                            ', 'AV.LEANDRO N.ALEM 1067 - CAP.FEDERAL', '                              ', '30-52278350-8'),
(14220, 'DIBA - (DIR. DE SALUD Y AC. SOC. DE LA ARMADA)                                  ', '25 DE MAYO 950- BLOCK D- P.B.-OF.6 Y 9 -', '                              ', '30-5466950-1'),
(14300, 'OPDEA                                                                           ', 'AYACUCHO 210- TUCUMAN', '                              ', '33-54833535-9'),
(15700, 'ASOC.ECLESIASTICA SAN PEDRO', 'RODRIGUEZ PEÑA 846 - 4TO. PISO - BS.AS.', '                              ', '30-53199456-2'),
(17910, 'AMFA (ASOC.MUT.FARMACEUTICOS)                                                   ', 'DIAGONAL 75  N°350 - LA PLATA - BS.AS.', '                              ', '30-57101480-3'),
(18640, 'TV SALUD(SIND ARG. TELEVISION)                                                  ', 'SANTA FE 1270  - TUCUMAN', '                              ', '30-51674838-5'),
(18800, 'CANILLITAS (FLORENCIO SANCHEZ)                                                  ', 'MIGUEL LILLO 554', '', '000000'),
(20460, 'INGENIO LA FRONTERITA (OSSEIF)                                                  ', 'RIVADAVIA 132 - FAMAILLA', '                              ', ''),
(21270, 'INGENIO ÑUÑORCO (OSSEIÑ)                                                        ', 'ING.ÑUÑORCO - MONTEROS - TUCUMAN', '                              ', ''),
(25770, 'JERARQUICOS SALUD', 'AV. FDO. ZUVIRIA 4584 - SANTA FE', '                              ', '30-68695518-0'),
(25850, 'MUTUAL PERSONAL DE AGUA Y ENERGIA', 'SALTA 669 - S.SALVADOR DE JUJUY - JUJUY', '', ''),
(25930, 'OSDOP (DOCENTES PARTICULARES)', 'B.DE IRIGOYEN 308 - 3ER.PISO - C.FEDERAL', '', '30-58541245-3'),
(27800, 'SWISS MEDICAL S.A.', 'MENDOZA 493 - TUCUMAN', '                              ', '30-65485516-8'),
(29410, 'OSJERA( JERARQUICOS REP. ARG)                                                   ', 'SAN MARTIN 320 - 4TO. PISO - OF. 401 -', '22                            ', '30-70445923-4'),
(29760, 'PATRONES DE CABOTAJE Y PLAN PREMIUM                                             ', 'SAN MARTIN 879  -  TUCUMAN', '                              ', '30-70800804-0'),
(30000, 'MEDICUS (TODOS LOS PLANES)                                                      ', 'PARAGUAY 2335 - P. BAJA - CAPITAL FEDERA', '                              ', '30-54677131-4'),
(30770, 'OSMATA                                                                          ', 'AV. DIRECTORIO 4743 -  CAP. FEDERAL', '                              ', '30-70861427-7'),
(30850, 'FARMACIA ( GAPRESA)                                                             ', 'CONSTITUCION 2066 - CAPITAL FEDERAL', '                              ', '33-64810438-9'),
(31150, 'OSSEG  (OBRA SOCIAL DE SEGUROS)                                                 ', 'CARLOS PELLEGRINI 575 - CAPITAL FEDERAL', '                              ', '30-50005352-2'),
(31230, 'AMSTERDAM SALUD(RECIBIDORES DE GRANOS)                                          ', 'AV. JUAN DE GARAY 460 - CAPITAL FEDERAL', '                              ', '30-58592601-5'),
(31310, 'OSPEGAP (PETROLEROS)                                                            ', 'AV. MOREAU DE JUSTO 2030 - 3º PISO - OF.', '                              ', '30-70555129-0'),
(31400, 'OSPA (O.SOCIAL PERSONAL AERONAUTICO)                                            ', ' D'' ONOFRIO 158 - CIUDADELA - BS. AS.', '                              ', '33-59042754-9'),
(31580, 'APLA                                                                            ', '                                                                      ', '                              ', '             '),
(31740, 'IOSE ( OBRA SOCIAL DEL EJERCITO)                                                ', '', '', ''),
(31820, 'DASUTEN                                                                         ', 'SARMIENTO 517 - PISO 7º - CAP. FEDERAL', '                              ', ''),
(31900, 'ACA SALUD                                                                       ', 'AYACUCHO 1262 - CAPITAL FEDERAL', '                              ', '             '),
(32200, 'DIR. DE INDUSTRIA DEL PETROLEO(OSDIPP)                                          ', '', '', ''),
(32390, 'GALENO CONSULTING GROUP                                                         ', 'NECOCHEA 419 - SALTA', '                              ', '30-70747525-7'),
(32630, 'COLMED ( TODOS LOS PLANES MENOS OSMEDICA)                                       ', '9 DE JULIO  355 - TUCUMAN', '                              ', '30-70709426-1'),
(32980, 'ASISTIR OSPACA                                                                  ', 'SAN JUAN 871 - MENDOZA', '                              ', '30-68931771-1'),
(32981, 'OSDE PLAN 310                                                                   ', 'LAS PIEDRAS 611                                                       ', '                              ', '             '),
(32982, 'OSDE PLAN 210                                                                   ', 'LAS PIEDRAS 611                                                       ', '                              ', '             '),
(32983, 'OSDE PLAN 410                                                                   ', '                                                                      ', '                              ', '             '),
(32984, 'OSDE PLAN 450                                                                   ', '                                                                      ', '                              ', '             '),
(32985, 'OSDE PLAN 510                                                                   ', '                                                                      ', '                              ', '             '),
(32987, 'OMINT SA DE SERVICIOS                                                           ', '                                                                      ', '                              ', '             '),
(32989, 'GALENO PLATA                                                                    ', '                                                                      ', '                              ', '             '),
(32990, 'GALENO ORO                                                                      ', '                                                                      ', '                              ', '             '),
(32992, 'MEDIFE DIRECTO                                                                  ', '                                                                      ', '                              ', '             '),
(32993, 'PRENSA DIRECTO                                                                  ', '                                                                      ', '                              ', '             '),
(33100, 'OSETYA (EMPLEADOS TEXTILES)                                                     ', '                                                                      ', '                              ', '             '),
(33280, 'COOPERATIVA TRABAJADORES LOS DEL PAGO LTDA                                      ', '                                                                      ', '                              ', '             '),
(33360, 'COOPERATIVA DE TRABAJO SERCOOP LTDA                                             ', '                                                                      ', '                              ', '             '),
(33440, 'COOPERATIVA TRABAJADORES INSTALADORES                                           ', '                                                                      ', '                              ', '             '),
(33520, 'COOPERATIVA TRABAJADORES HUMANA                                                 ', '                                                                      ', '                              ', '             '),
(33790, 'SANCOR MEDICINA PRIVADA (TODOS LOS PLANES)                                      ', '                                                                      ', '                              ', '             '),
(34090, 'COLMED OSMEDICA (OSMEDICA)                                                      ', '9 DE JULIO 355 - TUCUMAN', '', '30-70709426-1'),
(34170, 'COLMED OSMEDICA I-300                                                           ', '9 DE JULIO 355 - TUCUMAN', '                              ', '30-70709426-1'),
(34250, 'COLMED OSMEDICA (PLAN UNIVERSAL)                                                ', '9 DE JULIO 355 - TUCUMAN', '', '30-70709426-1'),
(34251, 'ASISPRE  - FLORES                                                               ', 'CORDOBA 777                                                           ', '                              ', '             '),
(34330, 'MEDICAL WORKERS                                                                 ', '                                                                      ', '                              ', '             '),
(34410, 'OSPIL (LECHEROS)                                                                ', '                                                                      ', '                              ', '             '),
(34500, 'OSPES (ESTACIONES DE SERVICIOS)                                                 ', '                                                                      ', '                              ', '             '),
(34680, 'BRAMED SRL                                                                      ', '                                                                      ', '                              ', '             '),
(34760, 'CRISTAL SALUD (APPI SRL)                                                        ', '                                                                      ', '                              ', '             '),
(34840, 'A.M. IBATIN                                                                     ', '                                                                      ', '                              ', '             '),
(34920, 'UOM ( OSUOMRA - FORJAR SALUD)                                                   ', '', '', ''),
(35060, 'OSFATUN', '', '', ''),
(35220, 'MEDIFE COLEGIO', '', '', ''),
(35300, 'MUTUAL 10 DE ABRIL', '', '', ''),
(35570, 'BOREAL (CONBERTURA DE SALUD)                                                    ', 'SANTIAGO 609 - SAN MIGUEL DE TUCUMAN', '', '30-70776189-6'),
(35572, 'BOREAL PLAN A1-A2-A3 (COBERTURA DE SALUD)                                       ', '                                                                      ', '                              ', '             '),
(35651, 'RED DE SEGURO MEDICO                                                            ', 'san martin 879                                                        ', '4217231                       ', '             '),
(35810, 'UP (UNION PERSONAL)                                                             ', '                                                                      ', '                              ', '             '),
(35900, 'OSFATLYF (LUZ Y FUERZA)                                                         ', '                                                                      ', '                              ', '             '),
(36030, 'ENRIQUE SERRA SERVICIOS SOCIALES                                                ', '                                                                      ', '                              ', '             '),
(36110, 'MUTUAL DEL MOTOCICLISTA                                                         ', '                                                                      ', '                              ', '             '),
(36200, 'OSPATCA                                                                         ', '                                                                      ', '                              ', '             '),
(36380, 'PREVENCION SALUD S.A.                                                           ', '                                                                      ', '                              ', '             '),
(36890, 'OSSACRA - GAPRESA (AMAS DE CASA)                                                ', '                                                                      ', '                              ', '             '),
(36891, 'Otra Obra', '', '15545', '20-92853755-3'),
(36892, 'Mi Obrasocial', 'Alcorta 54', '03814555678', '20-92853755-3');

-- 
-- Dumping data for table paciente
--
INSERT INTO paciente VALUES
(124500, 'ALVAREZ RAMONA ROSA                                                                                                                                   ', 'MZA N LOTE  11 .B° CRUCERO                                            ', 'DNI', 13278882, '1959-09-05', 'ARGENTINA', '4294281                       ', 'F', '                                                  ', 35651, NULL, NULL),
(124502, 'COMAN ANGELA                                                                                                                                          ', 'MUÑECAS  N°75. TAFI VIEO                                              ', 'DNI', 24584022, '1975-06-02', 'ARGENTINA', '4613169                       ', 'F', '                                                  ', 32993, NULL, NULL),
(124503, 'SOTELOS RAUL HORACIO                                                                                                                                  ', 'SALTA N°87                                                            ', 'DNI', 18203257, '1966-11-08', 'ARGENTINA', '154022113                     ', 'M', '                                                  ', 1, NULL, NULL),
(124505, 'ZELAYA PEDRO BERNABE                                                                                                                                  ', 'MONTEAGUDO  N°852                                                     ', 'DNI', 23931586, '1974-06-21', 'ARGENTINA', '4975778                       ', 'M', '                                                  ', 32983, NULL, NULL),
(124506, 'BARHUM RAYAN JAMAL                                                                                                                                    ', 'AV BELGRANO 3426                                                      ', 'DNI', 34953887, '1991-08-20', 'ARGENTINA', '155263333                     ', 'M', '                                                  ', 35651, NULL, NULL),
(124507, 'GIMENEZ CLARA ROSA                                                                                                                                    ', 'B° LOMAS DE TAFI.                                                     ', 'DNI', 21337941, '1970-05-02', 'ARGENTINA', '4927263                       ', 'F', '                                                  ', 32987, NULL, NULL),
(124508, 'AGUERO MARIO ALFREDO                                                                                                                                  ', '                                                                      ', 'DNI', 16036899, '1900-01-01', 'ARGENTINA', '                              ', 'M', '                                                  ', 4340, NULL, NULL),
(124509, 'FLORES ANDREA KARINA                                                                                                                                  ', 'ITALIA 411                                                            ', 'DNI', 31589785, '1985-06-27', 'ARGENTINA', '4217333                       ', 'F', '                                                  ', 32993, NULL, NULL),
(124510, 'ALLENDE NADIR EZEQUIEL                                                                                                                                ', 'AV .ROCA N°1861                                                       ', 'DNI', 39698589, '1996-07-16', 'ARGENTINA', '155525005                     ', 'M', '                                                  ', 32981, NULL, NULL),
(124511, 'MOHAMMED HECTOR ALEXIS                                                                                                                                ', 'LULES                                                                 ', 'DNI', 29240794, '1982-04-26', 'ARGENTINA', ' 381-6325961                  ', 'M', '                                                  ', 32993, NULL, NULL),
(124512, 'ALDERETE ESTELA                                                                                                                                       ', 'VELISARIO ROLDAN N°953                                                ', 'DNI', 23021385, '1973-02-24', 'ARGENTINA', '154802313                     ', 'F', '                                                  ', 1, NULL, NULL),
(124513, 'TAVELLA LUCIA                                                                                                                                         ', 'COUNTRY LA LOMA TENNIS                                                ', 'DNI', 35727542, '1991-01-03', 'ARGENTINA', '155414656                     ', 'F', '                                                  ', 4340, NULL, NULL),
(124514, 'PONCE CISNEROS MARIA MARCELA                                                                                                                          ', 'BARRIO MUNICIPAL MZA B - CASA 11 LOS GUTIERREZ                        ', 'DNI', 26454142, '1978-04-06', 'ARGENTINA', '4539849                       ', 'F', '                                                  ', 4340, NULL, NULL),
(124515, 'PALMA NANCY DEL CARMEN                                                                                                                                ', 'ABSALON ROJAS 844 SANTIAGO DEL ESTERO                                 ', 'DNI', 13733389, '1960-08-12', 'ARGENTINA', '0385-154336709                ', 'F', '                                                  ', 1, NULL, NULL),
(124516, 'DIAZ CLAUDIA NERI                                                                                                                                     ', 'B 210 VIV . SAN ANDRES                                                ', 'DNI', 29430967, '1982-05-11', 'ARGENTINA', '4915674                       ', 'F', '                                                  ', 35060, NULL, NULL),
(124517, 'ALBORNOZ CARLOS                                                                                                                                       ', 'LA RIOJA 2054                                                         ', 'DNI', 20394957, '1968-11-13', 'ARGENTINA', '4293435                       ', 'M', '                                                  ', 1, NULL, NULL),
(124518, 'MONTE NORMA AUDELINA                                                                                                                                  ', 'SANTIAGO DEL ESTERO                                                   ', 'DNI', 17235900, '1965-10-28', 'ARGENTINA', '03858-15442265                ', 'F', '                                                  ', 1, NULL, NULL),
(124519, 'LIZARRAGA MIGUEL ROBERTO                                                                                                                              ', 'LUCIA E DE GODOY-BELLA VISTA                                          ', 'DNI', 18510863, '1952-05-12', 'ARGENTINA', '4821009                       ', 'M', '                                                  ', 4340, NULL, NULL),
(124520, 'DIAZ FLORES RICHARD', 'MANUEL ALBERTI 636', 'DNI', 92853755, '1974-02-08', 'ARGENTINA', '03815496401', 'M', 'richarddf@gmail.com', 4340, '226167', 'PREMIUM'),
(124521, 'RETAMOZO GRACIELA', 'MANUEL ALBERTI 636', 'DNI', 14358884, '1961-04-09', 'ARGENTINA', '4235752', 'F', 'grape', 4340, '215451', 'premium');

-- 
-- Dumping data for table medico
--
INSERT INTO medico VALUES
(7, 'PALAZZO, FRANCISCO HUGO', 'Rivadavia 585                                                         ', 'DNI', 671, '1971-08-12', 'ARGENTINA', '', 'M', '', 'GASTROENTEROLOGIA', '20-07077889-1', 0, 'MONOTRIBUTO'),
(8, 'CRISTOBAL, JOSE ANTONIO', 'Rivadavia 585                                                         ', 'DNI', 828, '1971-08-12', 'ARGENTINA', '', 'M', '', 'GASTROENTEROLOGIA', '20-07090364-5', 0, 'MONOTRIBUTO'),
(9, 'BABOT, ALFREDO', 'Rivadavia 585                                                         ', 'DNI', 658, '1971-08-12', 'ARGENTINA', '', 'M', '', 'GASTROENTEROLOGIA', '23-07074931-9', 0, 'MONOTRIBUTO'),
(10, 'BABOT, BERNARD DANIEL', 'Rivadavia 585                                                         ', 'DNI', 968, '1971-08-12', 'ARGENTINA', '', 'M', '', 'GASTROENTEROLOGIA', '20-07092035-3', 0, 'MONOTRIBUTO'),
(11, 'SALAZAR URIARTE, GUILLERMO RAFAEL', 'Rivadavia 585                                                         ', 'DNI', 2669, '1971-08-12', 'ARGENTINA', '', 'M', '', 'GASTROENTEROLOGIA', '20-11536623-9', 0, 'MONOTRIBUTO'),
(15, 'PONCE, MARIA DEIDAMIA', 'Rivadavia 585                                                         ', 'DNI', 2070, '1971-08-12', 'ARGENTINA', '', 'F', '', 'GASTROENTEROLOGIA', '27-05951728-2', 0, 'MONOTRIBUTO'),
(16, 'NOVOA, JUAN JOSE', 'Rivadavia 585                                                         ', 'DNI', 2940, '1971-08-12', 'ARGENTINA', '', 'M', '', 'GASTROENTEROLOGIA', '20-11656849-8', 0, 'MONOTRIBUTO'),
(18, 'CESPEDES CEBE, PABLO CRISTIAN', 'Rivadavia 585                                                         ', 'DNI', 5844, '1971-08-12', 'ARGENTINA', '', 'M', '', 'GASTROENTEROLOGIA', '20-21328623-5', 0, 'MONOTRIBUTO'),
(19, 'PALAZZO, ANA GRACIA', 'Rivadavia 585                                                         ', 'DNI', 5509, '1971-08-12', 'ARGENTINA', '', 'F', '', 'GASTROENTEROLOGIA', '27-20692458-1', 0, 'MONOTRIBUTO'),
(22, 'RONDON PARAJON, JORGE ENRIQUE', 'Rivadavia 585', 'DNI', 5470, '1971-08-12', 'ARGENTINA', '', 'M', '', 'CARDIOLOGO', '20-22770026-3', 0, 'MONOTRIBUTO'),
(23, 'MONTEROS, MIGUEL (P)                                                  ', 'Rivadavia 585', 'DNI', 1465844, '1971-08-12', 'ARGENTINA', '                              ', 'M', '', 'GASTROENTEROLOGIA', '', 0, 'MONOTRIBUTO'),
(24, 'MONTEROS, MIGUEL (H)                                                  ', 'Rivadavia 585', 'DNI', 35488444, '1971-08-12', 'ARGENTINA', '                              ', 'M', '', 'GASTROENTEROLOGIA', '', 0, 'MONOTRIBUTO'),
(25, 'BUABSE, FERNANDO MIGUEL', 'Rivadavia 585', 'DNI', 3891, '1971-08-12', 'ARGENTINA', '', 'M', '', 'GASTROENTEROLOGIA', '20-17859508-4', 0, 'MONOTRIBUTO'),
(26, 'DEHEZA, ROMAN ARMANDO', 'Rivadavia 585', 'DNI', 4819, '1971-08-12', 'ARGENTINA', '', 'M', '', 'GASTROENTEROLOGIA', '20-20433959-8', 0, 'MONOTRIBUTO'),
(27, 'DANERI, MARIANA                                                       ', 'Rivadavia 585', 'DNI', 36548874, '1971-08-12', 'ARGENTINA', '                              ', 'F', '', 'GASTROENTEROLOGIA', '', 0, 'MONOTRIBUTO'),
(28, 'CARAM, ESTEBAN LUCAS', 'Rivadavia 585', 'DNI', 3672, '1971-08-12', 'ARGENTINA', '', 'M', '', 'GASTROENTEROLOGIA', '20-17270445-0', 0, 'MONOTRIBUTO'),
(30, 'SALDAÑA, EMA                                                          ', 'Rivadavia 585', 'DNI', 22155412, '1971-08-12', 'ARGENTINA', '                              ', 'F', '', 'GASTROENTEROLOGIA', '', 0, 'MONOTRIBUTO'),
(31, 'PALAZZO, ANDRES                                                       ', 'rivadavia 585                                                         ', 'DNI', 7859, '1971-08-12', 'ARGENTINA', '4228622                       ', 'M', '', 'GASTROENTEROLOGIA', '', 0, 'MONOTRIBUTO'),
(32, 'CASO JUAN MANUEL                                                      ', 'Rivadavia 585', 'DNI', 24825121, '1971-08-12', 'ARGENTINA', '                              ', 'M', '', 'GASTROENTEROLOGIA', '', 0, 'MONOTRIBUTO'),
(33, 'MIRANDE, MARIA', 'Rivadavia 585', 'DNI', 3897, '1971-08-12', 'ARGENTINA', '', 'F', '', 'GASTROENTEROLOGIA', '27-17990506-5', 0, 'MONOTRIBUTO'),
(34, 'STEGMAYER GISELA                                                      ', 'Rivadavia 585', 'DNI', 21848256, '1971-08-12', 'ARGENTINA', '                              ', 'F', '', 'GASTROENTEROLOGIA', '', 0, 'MONOTRIBUTO'),
(35, 'ACOSTA, EMMA ELSA', 'Rivadavia 585', 'DNI', 603, '1971-08-12', 'ARGENTINA', '', 'F', '', 'GASTROENTEROLOGIA', '27-01729719-3', 0, 'MONOTRIBUTO'),
(52, 'BABOT, GASTON                                                         ', 'Rivadavia 585', 'DNI', 7814, '1971-08-12', 'ARGENTINA', '4228622', 'M', '', 'GASTROENTEROLOGIA', '20-27575191-0', 0, 'MONOTRIBUTO'),
(53, 'TAHUIL, MARIA NATALIA', 'Rivadavia 585', 'DNI', 18564551, '1971-08-12', 'ARGENTINA', '                              ', 'F', '                                                  ', 'GASTROENTEROLOGIA', '', 0, 'MONOTRIBUTO'),
(54, 'MENDOZA, JUAN PABLO                                                   ', 'Rivadavia 585', 'DNI', 8442416, '1971-08-12', 'ARGENTINA', '                              ', 'M', '                                                  ', 'GASTROENTEROLOGIA', '', 0, 'MONOTRIBUTO'),
(55, 'STEGMAYER ERIKA                                                       ', 'Rivadavia 585', 'DNI', 15454164, '1971-08-12', 'ARGENTINA', '                              ', 'F', '', 'GASTROENTEROLOGIA', '', 0, 'MONOTRIBUTO'),
(86, 'AIZICZON, PEDRO MANUEL', 'Rivadavia 585', 'DNI', 496, '1971-08-12', 'ARGENTINA', '', 'M', '', 'GASTROENTEROLOGIA', '20-07054292-8', 0, 'MONOTRIBUTO'),
(94, 'ALANIS, DARDO', 'Rivadavia 585', 'DNI', 170, '1971-08-12', 'ARGENTINA', '', 'M', '', 'GASTROENTEROLOGIA', '00-00000000-0', 0, 'MONOTRIBUTO'),
(95, 'DSG', 'DSFG', 'DNI', 1564566, '1961-05-08', 'ARG', '08236', 'M', 'DSFSD', 'CARDIO', '2015646641', 1545, 'MONOTRIBUTO'),
(96, 'Lescano Daniel', 'Termas Rio Hondo', 'dni', 23553107, '1971-06-09', 'argentina', '0381546555', 'm', 'lescano@gmail.com', 'GASTROENTEROLOGIA', '20-92853755-3', 1545, 'RESPONSABLE INSCRIPTO');

-- 
-- Dumping data for table usuarios
--
INSERT INTO usuarios VALUES
(1, 'SA', '4C8B00F0E94EA735075DD69133DFE7F589267416', 'ADMINISTRADOR DEL SISTEMA'),
(2, 'CARO                ', '732849D5BC9473EC25BCBD5FD48DC071F6C3FF12                                                                                                                                                                                                                  ', 'GAMEZ CAROLINA                          ');

-- 
-- Dumping data for table turnos
--
INSERT INTO turnos VALUES
(235293, 124500, 11, '2018-12-20', '12:00:00', '00:00:00', 0, 12),
(235299, 124502, 11, '2018-12-20', '11:20:00', '00:00:00', 0, 10),
(235305, 124503, 9, '2018-12-20', '11:40:00', '00:00:00', 0, 11),
(235309, 124505, 11, '2018-12-20', '11:00:00', '00:00:00', 0, 9),
(235314, 124506, 9, '2018-12-20', '11:20:00', '00:00:00', 0, 10),
(235319, 124507, 10, '2018-12-20', '10:00:00', '00:00:00', 0, 6),
(235325, 124508, 9, '2018-12-20', '11:00:00', '00:00:00', 0, 9),
(235331, 124510, 11, '2018-12-20', '09:00:00', '00:00:00', 0, 3),
(235329, 124509, 9, '2018-12-20', '10:00:00', '00:00:00', 0, 6),
(235339, 124511, 9, '2018-12-20', '09:40:00', '00:00:00', 0, 5),
(235353, 124512, 15, '2018-12-20', '11:00:00', '00:00:00', 0, 9),
(235357, 124513, 15, '2018-12-20', '11:40:00', '00:00:00', 0, 11),
(235408, 124500, 11, '2018-12-20', '08:20:00', '00:00:00', 0, 1),
(235387, 124515, 52, '2018-12-20', '10:00:00', '00:00:00', 0, 6),
(235390, 124516, 52, '2018-12-20', '12:00:00', '00:00:00', 0, 12),
(235394, 124517, 15, '2018-12-20', '09:00:00', '00:00:00', 0, 3),
(235401, 124518, 28, '2018-12-20', '10:00:00', '00:00:00', 0, 6),
(235407, 124519, 11, '2018-12-20', '08:00:00', '00:00:00', 0, 0),
(237183, 124513, 28, '2018-12-20', '09:00:00', '00:00:00', 0, 3),
(238949, 124518, 28, '2018-12-20', '08:00:00', '00:00:00', 0, 0),
(239812, 124519, 11, '2018-12-20', '10:00:00', '00:00:00', 0, 6),
(239823, 124514, 11, '2018-12-20', '10:40:00', '00:00:00', 0, 8),
(240248, 124505, 9, '2018-12-20', '10:20:00', '00:00:00', 0, 7),
(243951, 124503, 9, '2018-12-20', '10:40:00', '00:00:00', 0, 8),
(243952, 124505, 15, '2018-12-20', '08:20:00', '00:00:00', 0, 1),
(243953, 124520, 9, '2018-12-20', '08:00:00', '00:00:00', 0, 0);

-- 
-- Dumping data for table historiaclinicapaciente
--
INSERT INTO historiaclinicapaciente VALUES
(124500, 'Historia Clinica: 124500 ALVAREZ RAMONA ROSA                                                                                                                                   '),
(124502, 'Historia Clinica: 124502 COMAN ANGELA                                                                                                                                          '),
(124503, 'Historia Clinica: 124503 SOTELOS RAUL HORACIO                                                                                                                                  '),
(124505, 'Historia Clinica: 124505 ZELAYA PEDRO BERNABE                                                                                                                                  '),
(124506, 'Historia Clinica: 124506 BARHUM RAYAN JAMAL                                                                                                                                    '),
(124507, 'Historia Clinica: 124507 GIMENEZ CLARA ROSA                                                                                                                                    '),
(124508, 'Historia Clinica: 124508 AGUERO MARIO ALFREDO'),
(124509, 'Historia Clinica: 124509 FLORES ANDREA KARINA                                                                                                                                  '),
(124510, 'Historia Clinica: 124510 ALLENDE NADIR EZEQUIEL                                                                                                                                '),
(124511, 'Historia Clinica: 124511 MOHAMMED HECTOR ALEXIS                                                                                                                                '),
(124512, 'Historia Clinica: 124512 ALDERETE ESTELA                                                                                                                                       '),
(124513, 'Historia Clinica: 124513 TAVELLA LUCIA                                                                                                                                         '),
(124514, 'Historia Clinica: 124514 PONCE CISNEROS MARIA MARCELA                                                                                                                          '),
(124515, 'Historia Clinica: 124515 PALMA NANCY DEL CARMEN                                                                                                                                '),
(124516, 'Historia Clinica: 124516 DIAZ CLAUDIA NERI                                                                                                                                     '),
(124517, 'Historia Clinica: 124517 ALBORNOZ CARLOS                                                                                                                                       '),
(124518, 'Historia Clinica: 124518 MONTE NORMA AUDELINA                                                                                                                                  '),
(124519, 'Historia Clinica: 124519 LIZARRAGA MIGUEL ROBERTO                                                                                                                              '),
(124520, 'Historia Clinica: 124520 DIAZ FLORES RICHARD                                                                                                                       '),
(124521, 'Historia Clinica: 124521 RETAMOZO GRACIELA                                                                                                                       ');

-- 
-- Restore previous SQL mode
-- 
/*!40101 SET SQL_MODE=@OLD_SQL_MODE */;

-- 
-- Enable foreign keys
-- 
/*!40014 SET FOREIGN_KEY_CHECKS = @OLD_FOREIGN_KEY_CHECKS */;